"table_name","column_name","data_type","is_nullable"
dashboards,id,text,NO
dashboards,name,text,NO
dashboards,description,text,YES
dashboards,config,jsonb,NO
dashboards,is_template,boolean,YES
dashboards,created_by,text,YES
dashboards,created_at,timestamp with time zone,YES
dashboards,updated_at,timestamp with time zone,YES
geo_cidades_hoje_snapshot,id,bigint,NO
geo_cidades_hoje_snapshot,estado,text,YES
geo_cidades_hoje_snapshot,cidade,text,YES
geo_cidades_hoje_snapshot,total,integer,NO
geo_fluxo_cidade_unidade_hoje_snapshot,estado_paciente,text,NO
geo_fluxo_cidade_unidade_hoje_snapshot,cidade_paciente,text,NO
geo_fluxo_cidade_unidade_hoje_snapshot,cd_estabelecimento,integer,NO
geo_fluxo_cidade_unidade_hoje_snapshot,unidade_p,text,NO
geo_fluxo_cidade_unidade_hoje_snapshot,unidade_id,integer,NO
geo_fluxo_cidade_unidade_hoje_snapshot,unidade,text,NO
geo_fluxo_cidade_unidade_hoje_snapshot,unidade_uf,text,NO
geo_fluxo_cidade_unidade_hoje_snapshot,unidade_cidade,text,NO
geo_fluxo_cidade_unidade_hoje_snapshot,total,integer,NO
intern_movimentacoes_leitos,CD_ESTABELECIMENTO,numeric,YES
intern_movimentacoes_leitos,UNIDADE,character varying,YES
intern_movimentacoes_leitos,NR_SEQUENCIA,numeric,YES
intern_movimentacoes_leitos,CD_LEITO,numeric,YES
intern_movimentacoes_leitos,IE_SITUACAO,character varying,YES
intern_movimentacoes_leitos,CD_STATUS,character varying,YES
intern_movimentacoes_leitos,STATUS,character varying,YES
intern_movimentacoes_leitos,DT_CRIACAO,timestamp without time zone,YES
intern_movimentacoes_leitos,DT_HISTORICO,timestamp without time zone,YES
intern_movimentacoes_leitos,DT_FIM_HISTORICO,timestamp without time zone,YES
intern_movimentacoes_leitos,DT_ATUALIZACAO,timestamp without time zone,YES
intern_movimentacoes_leitos,DT_CARGA,timestamp with time zone,NO
meta_tempos,id,integer,NO
meta_tempos,CD_ESTABELECIMENTO,numeric,YES
meta_tempos,CHAVE,text,NO
meta_tempos,VALOR_MIN,numeric,NO
meta_tempos,ALERTA_MIN,numeric,YES
meta_tempos_supervisao,id,integer,NO
meta_tempos_supervisao,CD_ESTABELECIMENTO,numeric,YES
meta_tempos_supervisao,CHAVE,text,NO
meta_tempos_supervisao,VALOR_MIN,numeric,NO
ps_resumo_unidades_snapshot,ref_time,timestamp with time zone,NO
ps_resumo_unidades_snapshot,CD_ESTABELECIMENTO,integer,NO
ps_resumo_unidades_snapshot,cd_estabelecimento,integer,NO
ps_resumo_unidades_snapshot,unidade,text,NO
ps_resumo_unidades_snapshot,ativos,integer,NO
ps_resumo_unidades_snapshot,hoje,integer,NO
ps_resumo_unidades_snapshot,media_alta,numeric,NO
ps_resumo_unidades_snapshot,media_min_ate_alta,integer,NO
ps_resumo_unidades_snapshot,media_ate_alta_min,integer,NO
ps_resumo_unidades_snapshot,media_ate_alta,numeric,NO
ps_resumo_unidades_snapshot,maior_ps,integer,NO
ps_resumo_unidades_snapshot,maior_tempo_permanencia_fmt,text,NO
ps_resumo_unidades_snapshot,maior_tempo_permanencia_min,integer,NO
ps_resumo_unidades_snapshot,maior_tempo_ps_min,integer,NO
ps_resumo_unidades_snapshot,triagem_acima_meta,integer,NO
ps_resumo_unidades_snapshot,consulta_acima_meta,integer,NO
ps_resumo_unidades_snapshot,permanencia_acima_meta,integer,NO
ps_resumo_unidades_snapshot,rx_acima_meta,integer,NO
ps_resumo_unidades_snapshot,ecg_acima_meta,integer,NO
ps_resumo_unidades_snapshot,rx_ecg_acima_meta,integer,NO
ps_resumo_unidades_snapshot,tc_acima_meta,integer,NO
ps_resumo_unidades_snapshot,tc_pendente,integer,NO
ps_resumo_unidades_snapshot,tc_laudo_acima_meta,integer,NO
ps_resumo_unidades_snapshot,tc_laudo_pendente,integer,NO
ps_resumo_unidades_snapshot,us_acima_meta,integer,NO
ps_resumo_unidades_snapshot,us_pendente,integer,NO
ps_resumo_unidades_snapshot,us_laudo_acima_meta,integer,NO
ps_resumo_unidades_snapshot,us_laudo_pendente,integer,NO
ps_resumo_unidades_snapshot,tc_us_acima_meta,integer,NO
ps_resumo_unidades_snapshot,tc_us_pendente,integer,NO
ps_resumo_unidades_snapshot,tc_us_laudo_acima_meta,integer,NO
ps_resumo_unidades_snapshot,tc_us_laudo_pendente,integer,NO
ps_resumo_unidades_snapshot,reavaliacao_acima_meta,integer,NO
ps_resumo_unidades_snapshot,medicacao_acima_meta,integer,NO
ps_resumo_unidades_snapshot,procedimento_acima_meta,integer,NO
ps_resumo_unidades_snapshot,farmacia_acima_meta,integer,NO
ps_resumo_unidades_snapshot,triagem_maior_tempo_acima_meta,numeric,NO
ps_resumo_unidades_snapshot,consulta_maior_tempo_acima_meta,integer,NO
ps_resumo_unidades_snapshot,permanencia_maior_tempo_acima_meta,integer,NO
ps_resumo_unidades_snapshot,rx_maior_tempo_acima_meta,numeric,NO
ps_resumo_unidades_snapshot,ecg_maior_tempo_acima_meta,numeric,NO
ps_resumo_unidades_snapshot,rx_ecg_maior_tempo_acima_meta,numeric,NO
ps_resumo_unidades_snapshot,tc_maior_tempo_acima_meta,numeric,NO
ps_resumo_unidades_snapshot,tc_laudo_maior_tempo_acima_meta,numeric,NO
ps_resumo_unidades_snapshot,us_maior_tempo_acima_meta,numeric,NO
ps_resumo_unidades_snapshot,us_laudo_maior_tempo_acima_meta,numeric,NO
ps_resumo_unidades_snapshot,tc_us_maior_tempo_acima_meta,numeric,NO
ps_resumo_unidades_snapshot,tc_us_laudo_maior_tempo_acima_meta,numeric,NO
ps_resumo_unidades_snapshot,reavaliacao_maior_tempo_acima_meta,integer,NO
ps_resumo_unidades_snapshot,medicacao_maior_tempo_acima_meta,integer,NO
ps_resumo_unidades_snapshot,procedimento_maior_tempo_acima_meta,integer,NO
ps_resumo_unidades_snapshot,farmacia_maior_tempo_acima_meta,integer,NO
ps_resumo_unidades_snapshot,internacao,integer,NO
ps_resumo_unidades_snapshot,internacao_qtd,integer,NO
ps_resumo_unidades_snapshot,aguardando_internacao,integer,NO
ps_resumo_unidades_snapshot,acomodacao,integer,NO
ps_resumo_unidades_snapshot,acomodacao_qtd,integer,NO
ps_resumo_unidades_snapshot,aguardando_acomodacao,integer,NO
ps_resumo_unidades_snapshot,transferencia,integer,NO
ps_resumo_unidades_snapshot,transferencia_qtd,integer,NO
ps_resumo_unidades_snapshot,aguardando_transferencia,integer,NO
ps_resumo_unidades_snapshot,ocupacao_internacao_pct,numeric,NO
ps_resumo_unidades_snapshot,ocupacao_uti_pct,numeric,NO
ps_resumo_unidades_snapshot,ocupacao_upc_pct,numeric,NO
ps_resumo_unidades_snapshot,ocupacao_enf_pct,numeric,NO
ps_resumo_unidades_snapshot,ocupacao_apt_pct,numeric,NO
ps_resumo_unidades_snapshot,ocupacao_apt_blk_pct,numeric,NO
ps_resumo_unidades_snapshot,ocupacao_box_pct,numeric,NO
ps_resumo_unidades_snapshot,triagem_em_atencao,integer,NO
ps_resumo_unidades_snapshot,consulta_em_atencao,integer,NO
ps_resumo_unidades_snapshot,permanencia_em_atencao,integer,NO
ps_resumo_unidades_snapshot,rx_em_atencao,integer,NO
ps_resumo_unidades_snapshot,ecg_em_atencao,integer,NO
ps_resumo_unidades_snapshot,rx_ecg_em_atencao,integer,NO
ps_resumo_unidades_snapshot,tc_em_atencao,integer,NO
ps_resumo_unidades_snapshot,us_em_atencao,integer,NO
ps_resumo_unidades_snapshot,tc_us_em_atencao,integer,NO
ps_resumo_unidades_snapshot,tc_laudo_em_atencao,integer,NO
ps_resumo_unidades_snapshot,us_laudo_em_atencao,integer,NO
ps_resumo_unidades_snapshot,tc_us_laudo_em_atencao,integer,NO
ps_resumo_unidades_snapshot,reavaliacao_em_atencao,integer,NO
ps_resumo_unidades_snapshot,medicacao_em_atencao,integer,NO
ps_resumo_unidades_snapshot,procedimento_em_atencao,integer,NO
ps_resumo_unidades_snapshot,farmacia_em_atencao,integer,NO
ps_resumo_unidades_snapshot,aguardando_internacao_em_atencao,integer,NO
ps_resumo_unidades_snapshot,aguardando_acomodacao_em_atencao,integer,NO
ps_resumo_unidades_snapshot,aguardando_transferencia_em_atencao,integer,NO
ps_resumo_unidades_snapshot,triagem_ok,integer,NO
ps_resumo_unidades_snapshot,consulta_ok,integer,NO
ps_resumo_unidades_snapshot,permanencia_ok,integer,NO
ps_resumo_unidades_snapshot,rx_ok,integer,NO
ps_resumo_unidades_snapshot,ecg_ok,integer,NO
ps_resumo_unidades_snapshot,rx_ecg_ok,integer,NO
ps_resumo_unidades_snapshot,tc_ok,integer,NO
ps_resumo_unidades_snapshot,tc_laudo_ok,integer,NO
ps_resumo_unidades_snapshot,us_ok,integer,NO
ps_resumo_unidades_snapshot,us_laudo_ok,integer,NO
ps_resumo_unidades_snapshot,tc_us_ok,integer,NO
ps_resumo_unidades_snapshot,tc_us_laudo_ok,integer,NO
ps_resumo_unidades_snapshot,reavaliacao_ok,integer,NO
ps_resumo_unidades_snapshot,medicacao_ok,integer,NO
ps_resumo_unidades_snapshot,procedimento_ok,integer,NO
ps_resumo_unidades_snapshot,farmacia_ok,integer,NO
ps_resumo_unidades_snapshot_prod,ref_time,timestamp with time zone,NO
ps_resumo_unidades_snapshot_prod,CD_ESTABELECIMENTO,integer,NO
ps_resumo_unidades_snapshot_prod,cd_estabelecimento,integer,NO
ps_resumo_unidades_snapshot_prod,unidade,text,NO
ps_resumo_unidades_snapshot_prod,ativos,integer,NO
ps_resumo_unidades_snapshot_prod,hoje,integer,NO
ps_resumo_unidades_snapshot_prod,media_alta,numeric,NO
ps_resumo_unidades_snapshot_prod,media_min_ate_alta,integer,NO
ps_resumo_unidades_snapshot_prod,media_ate_alta_min,integer,NO
ps_resumo_unidades_snapshot_prod,media_ate_alta,numeric,NO
ps_resumo_unidades_snapshot_prod,maior_ps,integer,NO
ps_resumo_unidades_snapshot_prod,maior_tempo_permanencia_fmt,text,NO
ps_resumo_unidades_snapshot_prod,maior_tempo_permanencia_min,integer,NO
ps_resumo_unidades_snapshot_prod,maior_tempo_ps_min,integer,NO
ps_resumo_unidades_snapshot_prod,triagem_acima_meta,integer,NO
ps_resumo_unidades_snapshot_prod,consulta_acima_meta,integer,NO
ps_resumo_unidades_snapshot_prod,permanencia_acima_meta,integer,NO
ps_resumo_unidades_snapshot_prod,rx_acima_meta,integer,NO
ps_resumo_unidades_snapshot_prod,ecg_acima_meta,integer,NO
ps_resumo_unidades_snapshot_prod,rx_ecg_acima_meta,integer,NO
ps_resumo_unidades_snapshot_prod,tc_acima_meta,integer,NO
ps_resumo_unidades_snapshot_prod,tc_pendente,integer,NO
ps_resumo_unidades_snapshot_prod,tc_laudo_acima_meta,integer,NO
ps_resumo_unidades_snapshot_prod,tc_laudo_pendente,integer,NO
ps_resumo_unidades_snapshot_prod,us_acima_meta,integer,NO
ps_resumo_unidades_snapshot_prod,us_pendente,integer,NO
ps_resumo_unidades_snapshot_prod,us_laudo_acima_meta,integer,NO
ps_resumo_unidades_snapshot_prod,us_laudo_pendente,integer,NO
ps_resumo_unidades_snapshot_prod,tc_us_acima_meta,integer,NO
ps_resumo_unidades_snapshot_prod,tc_us_pendente,integer,NO
ps_resumo_unidades_snapshot_prod,tc_us_laudo_acima_meta,integer,NO
ps_resumo_unidades_snapshot_prod,tc_us_laudo_pendente,integer,NO
ps_resumo_unidades_snapshot_prod,reavaliacao_acima_meta,integer,NO
ps_resumo_unidades_snapshot_prod,medicacao_acima_meta,integer,NO
ps_resumo_unidades_snapshot_prod,procedimento_acima_meta,integer,NO
ps_resumo_unidades_snapshot_prod,farmacia_acima_meta,integer,NO
ps_resumo_unidades_snapshot_prod,triagem_maior_tempo_acima_meta,numeric,NO
ps_resumo_unidades_snapshot_prod,consulta_maior_tempo_acima_meta,integer,NO
ps_resumo_unidades_snapshot_prod,permanencia_maior_tempo_acima_meta,integer,NO
ps_resumo_unidades_snapshot_prod,rx_maior_tempo_acima_meta,numeric,NO
ps_resumo_unidades_snapshot_prod,ecg_maior_tempo_acima_meta,numeric,NO
ps_resumo_unidades_snapshot_prod,rx_ecg_maior_tempo_acima_meta,numeric,NO
ps_resumo_unidades_snapshot_prod,tc_maior_tempo_acima_meta,numeric,NO
ps_resumo_unidades_snapshot_prod,tc_laudo_maior_tempo_acima_meta,numeric,NO
ps_resumo_unidades_snapshot_prod,us_maior_tempo_acima_meta,numeric,NO
ps_resumo_unidades_snapshot_prod,us_laudo_maior_tempo_acima_meta,numeric,NO
ps_resumo_unidades_snapshot_prod,tc_us_maior_tempo_acima_meta,numeric,NO
ps_resumo_unidades_snapshot_prod,tc_us_laudo_maior_tempo_acima_meta,numeric,NO
ps_resumo_unidades_snapshot_prod,reavaliacao_maior_tempo_acima_meta,integer,NO
ps_resumo_unidades_snapshot_prod,medicacao_maior_tempo_acima_meta,integer,NO
ps_resumo_unidades_snapshot_prod,procedimento_maior_tempo_acima_meta,integer,NO
ps_resumo_unidades_snapshot_prod,farmacia_maior_tempo_acima_meta,integer,NO
ps_resumo_unidades_snapshot_prod,internacao,integer,NO
ps_resumo_unidades_snapshot_prod,internacao_qtd,integer,NO
ps_resumo_unidades_snapshot_prod,aguardando_internacao,integer,NO
ps_resumo_unidades_snapshot_prod,acomodacao,integer,NO
ps_resumo_unidades_snapshot_prod,acomodacao_qtd,integer,NO
ps_resumo_unidades_snapshot_prod,aguardando_acomodacao,integer,NO
ps_resumo_unidades_snapshot_prod,transferencia,integer,NO
ps_resumo_unidades_snapshot_prod,transferencia_qtd,integer,NO
ps_resumo_unidades_snapshot_prod,aguardando_transferencia,integer,NO
ps_resumo_unidades_snapshot_prod,ocupacao_internacao_pct,numeric,NO
ps_resumo_unidades_snapshot_prod,ocupacao_uti_pct,numeric,NO
ps_resumo_unidades_snapshot_prod,ocupacao_upc_pct,numeric,NO
ps_resumo_unidades_snapshot_prod,ocupacao_enf_pct,numeric,NO
ps_resumo_unidades_snapshot_prod,ocupacao_apt_pct,numeric,NO
ps_resumo_unidades_snapshot_prod,ocupacao_apt_blk_pct,numeric,NO
ps_resumo_unidades_snapshot_prod,ocupacao_box_pct,numeric,NO
ps_resumo_unidades_snapshot_prod,triagem_em_atencao,integer,NO
ps_resumo_unidades_snapshot_prod,consulta_em_atencao,integer,NO
ps_resumo_unidades_snapshot_prod,permanencia_em_atencao,integer,NO
ps_resumo_unidades_snapshot_prod,rx_em_atencao,integer,NO
ps_resumo_unidades_snapshot_prod,ecg_em_atencao,integer,NO
ps_resumo_unidades_snapshot_prod,rx_ecg_em_atencao,integer,NO
ps_resumo_unidades_snapshot_prod,tc_em_atencao,integer,NO
ps_resumo_unidades_snapshot_prod,us_em_atencao,integer,NO
ps_resumo_unidades_snapshot_prod,tc_us_em_atencao,integer,NO
ps_resumo_unidades_snapshot_prod,tc_laudo_em_atencao,integer,NO
ps_resumo_unidades_snapshot_prod,us_laudo_em_atencao,integer,NO
ps_resumo_unidades_snapshot_prod,tc_us_laudo_em_atencao,integer,NO
ps_resumo_unidades_snapshot_prod,reavaliacao_em_atencao,integer,NO
ps_resumo_unidades_snapshot_prod,medicacao_em_atencao,integer,NO
ps_resumo_unidades_snapshot_prod,procedimento_em_atencao,integer,NO
ps_resumo_unidades_snapshot_prod,farmacia_em_atencao,integer,NO
ps_resumo_unidades_snapshot_prod,aguardando_internacao_em_atencao,integer,NO
ps_resumo_unidades_snapshot_prod,aguardando_acomodacao_em_atencao,integer,NO
ps_resumo_unidades_snapshot_prod,aguardando_transferencia_em_atencao,integer,NO
ps_resumo_unidades_snapshot_prod,triagem_ok,integer,NO
ps_resumo_unidades_snapshot_prod,consulta_ok,integer,NO
ps_resumo_unidades_snapshot_prod,permanencia_ok,integer,NO
ps_resumo_unidades_snapshot_prod,rx_ok,integer,NO
ps_resumo_unidades_snapshot_prod,ecg_ok,integer,NO
ps_resumo_unidades_snapshot_prod,rx_ecg_ok,integer,NO
ps_resumo_unidades_snapshot_prod,tc_ok,integer,NO
ps_resumo_unidades_snapshot_prod,tc_laudo_ok,integer,NO
ps_resumo_unidades_snapshot_prod,us_ok,integer,NO
ps_resumo_unidades_snapshot_prod,us_laudo_ok,integer,NO
ps_resumo_unidades_snapshot_prod,tc_us_ok,integer,NO
ps_resumo_unidades_snapshot_prod,tc_us_laudo_ok,integer,NO
ps_resumo_unidades_snapshot_prod,reavaliacao_ok,integer,NO
ps_resumo_unidades_snapshot_prod,medicacao_ok,integer,NO
ps_resumo_unidades_snapshot_prod,procedimento_ok,integer,NO
ps_resumo_unidades_snapshot_prod,farmacia_ok,integer,NO
ps_resumo_unidades_snapshot_prod,acima_meta_itens,jsonb,NO
ps_resumo_unidades_snapshot_prod,em_atencao_itens,jsonb,NO
ps_resumo_unidades_snapshot_prod,aguardando_acomodacao_nomes,jsonb,NO
ps_resumo_unidades_snapshot_prod,aguardando_transferencia_nomes,jsonb,NO
ps_resumo_unidades_snapshot_teste,ref_time,timestamp with time zone,NO
ps_resumo_unidades_snapshot_teste,CD_ESTABELECIMENTO,integer,NO
ps_resumo_unidades_snapshot_teste,cd_estabelecimento,integer,NO
ps_resumo_unidades_snapshot_teste,unidade,text,NO
ps_resumo_unidades_snapshot_teste,ativos,integer,NO
ps_resumo_unidades_snapshot_teste,hoje,integer,NO
ps_resumo_unidades_snapshot_teste,media_alta,numeric,NO
ps_resumo_unidades_snapshot_teste,media_min_ate_alta,integer,NO
ps_resumo_unidades_snapshot_teste,media_ate_alta_min,integer,NO
ps_resumo_unidades_snapshot_teste,media_ate_alta,numeric,NO
ps_resumo_unidades_snapshot_teste,maior_ps,integer,NO
ps_resumo_unidades_snapshot_teste,maior_tempo_permanencia_fmt,text,NO
ps_resumo_unidades_snapshot_teste,maior_tempo_permanencia_min,integer,NO
ps_resumo_unidades_snapshot_teste,maior_tempo_ps_min,integer,NO
ps_resumo_unidades_snapshot_teste,triagem_acima_meta,integer,NO
ps_resumo_unidades_snapshot_teste,consulta_acima_meta,integer,NO
ps_resumo_unidades_snapshot_teste,permanencia_acima_meta,integer,NO
ps_resumo_unidades_snapshot_teste,rx_acima_meta,integer,NO
ps_resumo_unidades_snapshot_teste,ecg_acima_meta,integer,NO
ps_resumo_unidades_snapshot_teste,rx_ecg_acima_meta,integer,NO
ps_resumo_unidades_snapshot_teste,tc_acima_meta,integer,NO
ps_resumo_unidades_snapshot_teste,tc_pendente,integer,NO
ps_resumo_unidades_snapshot_teste,tc_laudo_acima_meta,integer,NO
ps_resumo_unidades_snapshot_teste,tc_laudo_pendente,integer,NO
ps_resumo_unidades_snapshot_teste,us_acima_meta,integer,NO
ps_resumo_unidades_snapshot_teste,us_pendente,integer,NO
ps_resumo_unidades_snapshot_teste,us_laudo_acima_meta,integer,NO
ps_resumo_unidades_snapshot_teste,us_laudo_pendente,integer,NO
ps_resumo_unidades_snapshot_teste,tc_us_acima_meta,integer,NO
ps_resumo_unidades_snapshot_teste,tc_us_pendente,integer,NO
ps_resumo_unidades_snapshot_teste,tc_us_laudo_acima_meta,integer,NO
ps_resumo_unidades_snapshot_teste,tc_us_laudo_pendente,integer,NO
ps_resumo_unidades_snapshot_teste,reavaliacao_acima_meta,integer,NO
ps_resumo_unidades_snapshot_teste,medicacao_acima_meta,integer,NO
ps_resumo_unidades_snapshot_teste,procedimento_acima_meta,integer,NO
ps_resumo_unidades_snapshot_teste,farmacia_acima_meta,integer,NO
ps_resumo_unidades_snapshot_teste,triagem_maior_tempo_acima_meta,numeric,NO
ps_resumo_unidades_snapshot_teste,consulta_maior_tempo_acima_meta,integer,NO
ps_resumo_unidades_snapshot_teste,permanencia_maior_tempo_acima_meta,integer,NO
ps_resumo_unidades_snapshot_teste,rx_maior_tempo_acima_meta,numeric,NO
ps_resumo_unidades_snapshot_teste,ecg_maior_tempo_acima_meta,numeric,NO
ps_resumo_unidades_snapshot_teste,rx_ecg_maior_tempo_acima_meta,numeric,NO
ps_resumo_unidades_snapshot_teste,tc_maior_tempo_acima_meta,numeric,NO
ps_resumo_unidades_snapshot_teste,tc_laudo_maior_tempo_acima_meta,numeric,NO
ps_resumo_unidades_snapshot_teste,us_maior_tempo_acima_meta,numeric,NO
ps_resumo_unidades_snapshot_teste,us_laudo_maior_tempo_acima_meta,numeric,NO
ps_resumo_unidades_snapshot_teste,tc_us_maior_tempo_acima_meta,numeric,NO
ps_resumo_unidades_snapshot_teste,tc_us_laudo_maior_tempo_acima_meta,numeric,NO
ps_resumo_unidades_snapshot_teste,reavaliacao_maior_tempo_acima_meta,integer,NO
ps_resumo_unidades_snapshot_teste,medicacao_maior_tempo_acima_meta,integer,NO
ps_resumo_unidades_snapshot_teste,procedimento_maior_tempo_acima_meta,integer,NO
ps_resumo_unidades_snapshot_teste,farmacia_maior_tempo_acima_meta,integer,NO
ps_resumo_unidades_snapshot_teste,internacao,integer,NO
ps_resumo_unidades_snapshot_teste,internacao_qtd,integer,NO
ps_resumo_unidades_snapshot_teste,aguardando_internacao,integer,NO
ps_resumo_unidades_snapshot_teste,acomodacao,integer,NO
ps_resumo_unidades_snapshot_teste,acomodacao_qtd,integer,NO
ps_resumo_unidades_snapshot_teste,aguardando_acomodacao,integer,NO
ps_resumo_unidades_snapshot_teste,transferencia,integer,NO
ps_resumo_unidades_snapshot_teste,transferencia_qtd,integer,NO
ps_resumo_unidades_snapshot_teste,aguardando_transferencia,integer,NO
ps_resumo_unidades_snapshot_teste,ocupacao_internacao_pct,numeric,NO
ps_resumo_unidades_snapshot_teste,ocupacao_uti_pct,numeric,NO
ps_resumo_unidades_snapshot_teste,ocupacao_upc_pct,numeric,NO
ps_resumo_unidades_snapshot_teste,ocupacao_enf_pct,numeric,NO
ps_resumo_unidades_snapshot_teste,ocupacao_apt_pct,numeric,NO
ps_resumo_unidades_snapshot_teste,ocupacao_apt_blk_pct,numeric,NO
ps_resumo_unidades_snapshot_teste,ocupacao_box_pct,numeric,NO
ps_resumo_unidades_snapshot_teste,triagem_em_atencao,integer,NO
ps_resumo_unidades_snapshot_teste,consulta_em_atencao,integer,NO
ps_resumo_unidades_snapshot_teste,permanencia_em_atencao,integer,NO
ps_resumo_unidades_snapshot_teste,rx_em_atencao,integer,NO
ps_resumo_unidades_snapshot_teste,ecg_em_atencao,integer,NO
ps_resumo_unidades_snapshot_teste,rx_ecg_em_atencao,integer,NO
ps_resumo_unidades_snapshot_teste,tc_em_atencao,integer,NO
ps_resumo_unidades_snapshot_teste,us_em_atencao,integer,NO
ps_resumo_unidades_snapshot_teste,tc_us_em_atencao,integer,NO
ps_resumo_unidades_snapshot_teste,tc_laudo_em_atencao,integer,NO
ps_resumo_unidades_snapshot_teste,us_laudo_em_atencao,integer,NO
ps_resumo_unidades_snapshot_teste,tc_us_laudo_em_atencao,integer,NO
ps_resumo_unidades_snapshot_teste,reavaliacao_em_atencao,integer,NO
ps_resumo_unidades_snapshot_teste,medicacao_em_atencao,integer,NO
ps_resumo_unidades_snapshot_teste,procedimento_em_atencao,integer,NO
ps_resumo_unidades_snapshot_teste,farmacia_em_atencao,integer,NO
ps_resumo_unidades_snapshot_teste,aguardando_internacao_em_atencao,integer,NO
ps_resumo_unidades_snapshot_teste,aguardando_acomodacao_em_atencao,integer,NO
ps_resumo_unidades_snapshot_teste,aguardando_transferencia_em_atencao,integer,NO
ps_resumo_unidades_snapshot_teste,triagem_ok,integer,NO
ps_resumo_unidades_snapshot_teste,consulta_ok,integer,NO
ps_resumo_unidades_snapshot_teste,permanencia_ok,integer,NO
ps_resumo_unidades_snapshot_teste,rx_ok,integer,NO
ps_resumo_unidades_snapshot_teste,ecg_ok,integer,NO
ps_resumo_unidades_snapshot_teste,rx_ecg_ok,integer,NO
ps_resumo_unidades_snapshot_teste,tc_ok,integer,NO
ps_resumo_unidades_snapshot_teste,tc_laudo_ok,integer,NO
ps_resumo_unidades_snapshot_teste,us_ok,integer,NO
ps_resumo_unidades_snapshot_teste,us_laudo_ok,integer,NO
ps_resumo_unidades_snapshot_teste,tc_us_ok,integer,NO
ps_resumo_unidades_snapshot_teste,tc_us_laudo_ok,integer,NO
ps_resumo_unidades_snapshot_teste,reavaliacao_ok,integer,NO
ps_resumo_unidades_snapshot_teste,medicacao_ok,integer,NO
ps_resumo_unidades_snapshot_teste,procedimento_ok,integer,NO
ps_resumo_unidades_snapshot_teste,farmacia_ok,integer,NO
ps_resumo_unidades_snapshot_teste,acima_meta_itens,jsonb,NO
ps_resumo_unidades_snapshot_teste,em_atencao_itens,jsonb,NO
ps_resumo_unidades_snapshot_teste,aguardando_acomodacao_nomes,jsonb,NO
ps_resumo_unidades_snapshot_teste,aguardando_transferencia_nomes,jsonb,NO
runtime_clock,id,integer,NO
runtime_clock,ref_time,timestamp with time zone,YES
studio_queries,id,character varying,NO
studio_queries,name,character varying,NO
studio_queries,datasource_id,character varying,NO
studio_queries,datasource_name,character varying,YES
studio_queries,query_text,text,NO
studio_queries,settings,jsonb,YES
studio_queries,created_at,timestamp with time zone,YES
studio_queries,updated_at,timestamp with time zone,YES
studio_queries,created_by,character varying,YES
studio_scenes,id,text,NO
studio_scenes,name,text,NO
studio_scenes,type,text,NO
studio_scenes,config,jsonb,YES
studio_scenes,content,text,YES
studio_scenes,created_at,timestamp with time zone,YES
studio_scenes,updated_at,timestamp with time zone,YES
tbl_aguardando_acomodacao,UNIDADE,character varying,YES
tbl_aguardando_acomodacao,DATA,timestamp without time zone,YES
tbl_aguardando_acomodacao,CD_ESTABELECIMENTO,numeric,YES
tbl_aguardando_acomodacao,NR_ATENDIMENTO,numeric,YES
tbl_aguardando_acomodacao,PACIENTE,character varying,YES
tbl_aguardando_acomodacao,HORA,numeric,YES
tbl_aguardando_acomodacao,MINUTO,numeric,YES
tbl_aguardando_internacao,UNIDADE,character varying,YES
tbl_aguardando_internacao,DATA,timestamp without time zone,YES
tbl_aguardando_internacao,CD_ESTABELECIMENTO,numeric,YES
tbl_aguardando_internacao,NR_ATENDIMENTO,numeric,YES
tbl_aguardando_internacao,PACIENTE,character varying,YES
tbl_aguardando_internacao,HORA,numeric,YES
tbl_aguardando_internacao,MINUTO,numeric,YES
tbl_aguardando_transferencia,UNIDADE,character varying,YES
tbl_aguardando_transferencia,DATA,timestamp without time zone,YES
tbl_aguardando_transferencia,CD_ESTABELECIMENTO,numeric,YES
tbl_aguardando_transferencia,NR_ATENDIMENTO,numeric,YES
tbl_aguardando_transferencia,PACIENTE,character varying,YES
tbl_aguardando_transferencia,HORA,numeric,YES
tbl_aguardando_transferencia,MINUTO,numeric,YES
tbl_altas_ps,CD_PESSOA_FISICA,numeric,YES
tbl_altas_ps,CD_ESTABELECIMENTO,numeric,YES
tbl_altas_ps,NR_ATENDIMENTO_URG,numeric,YES
tbl_altas_ps,DT_LIB_MEDICO,timestamp without time zone,YES
tbl_altas_ps,DT_ALTA,timestamp without time zone,YES
tbl_altas_ps,DS_MOTIVO_ALTA,text,YES
tbl_altas_ps,QTD_OBITO,integer,YES
tbl_altas_ps,TIPO_DESFECHO,text,YES
tbl_altas_ps,DT_ENTRADA,timestamp without time zone,YES
tbl_cc_anestesia,NR_CIRURGIA,numeric,NO
tbl_cc_anestesia,DT_ATUALIZACAO_NREC,timestamp without time zone,YES
tbl_cc_anestesia,DS_TECNICA,character varying,YES
tbl_cc_anestesia,DT_CARGA,timestamp with time zone,NO
tbl_cc_tempos_mov,NR_CIRURGIA,numeric,NO
tbl_cc_tempos_mov,NR_SEQ_EVENTO,numeric,YES
tbl_cc_tempos_mov,DT_REGISTRO,timestamp without time zone,YES
tbl_cc_tempos_mov,DS_EVENTO,character varying,YES
tbl_cc_tempos_mov,DT_CARGA,timestamp with time zone,NO
tbl_centro_cirurgico,NR_ATENDIMENTO,numeric,YES
tbl_centro_cirurgico,UNIDADE,character varying,YES
tbl_centro_cirurgico,NR_CIRURGIA,numeric,NO
tbl_centro_cirurgico,IE_CARATER_CIRURGIA,character varying,YES
tbl_centro_cirurgico,CD_ESTABELECIMENTO,numeric,YES
tbl_centro_cirurgico,IE_SEXO,character varying,YES
tbl_centro_cirurgico,DT_NASCIMENTO,date,YES
tbl_centro_cirurgico,CD_PESSOA_FISICA,numeric,YES
tbl_centro_cirurgico,HR_INICIO,timestamp without time zone,YES
tbl_centro_cirurgico,DT_TERMINO,timestamp without time zone,YES
tbl_centro_cirurgico,NR_MINUTO_DURACAO,numeric,YES
tbl_centro_cirurgico,NR_MIN_DURACAO_REAL,numeric,YES
tbl_centro_cirurgico,IE_MOTIVO_CANCELAMENTO,character varying,YES
tbl_centro_cirurgico,NM_PACIENTE,character varying,YES
tbl_centro_cirurgico,DS_PROCEDIMENTO,character varying,YES
tbl_centro_cirurgico,MEDICO,character varying,YES
tbl_centro_cirurgico,DS_ESPECIALIDADE,character varying,YES
tbl_centro_cirurgico,DT_ENTRADA,timestamp without time zone,YES
tbl_centro_cirurgico,IE_BANCO_SANGUE,character varying,YES
tbl_centro_cirurgico,CD_PROCEDIMENTO,numeric,YES
tbl_centro_cirurgico,DS_STATUS,character varying,YES
tbl_centro_cirurgico,IE_TIPO_ATENDIMENTO,numeric,YES
tbl_centro_cirurgico,IDX_PACIENTE,numeric,YES
tbl_centro_cirurgico,PROX_HR_INICIO,timestamp without time zone,YES
tbl_centro_cirurgico,DIF_DIAS,numeric,YES
tbl_centro_cirurgico,DS_MOTIVO_CANCELAMENTO,character varying,YES
tbl_centro_cirurgico,CD_PROCEDIMENTO_PRINC,numeric,YES
tbl_centro_cirurgico,IE_PORTE,character varying,YES
tbl_centro_cirurgico,CD_TIPO_ANESTESIA,numeric,YES
tbl_centro_cirurgico,CD_TIPO_CIRURGIA,numeric,YES
tbl_centro_cirurgico_bkp,NR_CIRURGIA,numeric,NO
tbl_centro_cirurgico_bkp,NR_ATENDIMENTO,numeric,YES
tbl_centro_cirurgico_bkp,CD_ESTABELECIMENTO,numeric,YES
tbl_centro_cirurgico_bkp,UNIDADE,character varying,YES
tbl_centro_cirurgico_bkp,IE_TIPO_ATENDIMENTO,character varying,YES
tbl_centro_cirurgico_bkp,IE_STATUS_ATENDIMENTO,character varying,YES
tbl_centro_cirurgico_bkp,IE_SEXO,character varying,YES
tbl_centro_cirurgico_bkp,DT_NASCIMENTO,date,YES
tbl_centro_cirurgico_bkp,IE_CARATER_CIRURGIA,character varying,YES
tbl_centro_cirurgico_bkp,STATUS_AGENDA,character varying,YES
tbl_centro_cirurgico_bkp,CD_PESSOA_FISICA,numeric,YES
tbl_centro_cirurgico_bkp,DS_AGENDA,character varying,YES
tbl_centro_cirurgico_bkp,DT_AGENDA,date,YES
tbl_centro_cirurgico_bkp,HR_INICIO,timestamp without time zone,YES
tbl_centro_cirurgico_bkp,DT_TERMINO,timestamp without time zone,YES
tbl_centro_cirurgico_bkp,NR_MINUTO_DURACAO,numeric,YES
tbl_centro_cirurgico_bkp,NR_MIN_DURACAO_REAL,numeric,YES
tbl_centro_cirurgico_bkp,IE_MOTIVO_CANCELAMENTO,character varying,YES
tbl_centro_cirurgico_bkp,DS_MOTIVO_CANCELAMENTO,character varying,YES
tbl_centro_cirurgico_bkp,NM_PACIENTE,character varying,YES
tbl_centro_cirurgico_bkp,DS_OBSERVACAO,text,YES
tbl_centro_cirurgico_bkp,NM_PESSOA_CONTATO,character varying,YES
tbl_centro_cirurgico_bkp,DS_PROCEDIMENTO,character varying,YES
tbl_centro_cirurgico_bkp,IE_ANESTESIA,character varying,YES
tbl_centro_cirurgico_bkp,MEDICO,character varying,YES
tbl_centro_cirurgico_bkp,DS_ESPECIALIDADE,character varying,YES
tbl_centro_cirurgico_bkp,DT_ENTRADA,timestamp without time zone,YES
tbl_centro_cirurgico_bkp,LEITO_RESERVADO,character varying,YES
tbl_centro_cirurgico_bkp,IE_BANCO_SANGUE,character varying,YES
tbl_centro_cirurgico_bkp,CD_PROCEDIMENTO,numeric,YES
tbl_centro_cirurgico_bkp,DS_STATUS,character varying,YES
tbl_centro_cirurgico_bkp,DT_CARGA,timestamp with time zone,NO
tbl_centro_cirurgico_bkp,IDX_PACIENTE,numeric,YES
tbl_centro_cirurgico_bkp,PROX_HR_INICIO,timestamp without time zone,YES
tbl_centro_cirurgico_bkp,DIF_DIAS,numeric,YES
tbl_custo_pac_ps,TIPO,text,YES
tbl_custo_pac_ps,ATENDIMENTO,numeric,YES
tbl_custo_pac_ps,DS_MATERIAL,text,YES
tbl_custo_pac_ps,QTD_PRODUTO,double precision,YES
tbl_custo_pac_ps,QTD_ATENDIDO,double precision,YES
tbl_custo_pac_ps,VL_UNITARIO,double precision,YES
tbl_custo_pac_ps,JUSTIFICATIVA,character varying,YES
tbl_custo_pac_ps,PADRONIZADO,character varying,YES
tbl_custo_pac_ps,CLASSIF_CUSTO,character varying,YES
tbl_evolucoes,NR_ATENDIMENTO,integer,NO
tbl_evolucoes,CD_ESTABELECIMENTO,integer,YES
tbl_evolucoes,DT_EVOLUCAO_MEDICA,timestamp without time zone,YES
tbl_evolucoes,EVOLUCAO_MEDICA,text,YES
tbl_evolucoes,DT_EVOLUCAO_ENFERMAGEM,timestamp without time zone,YES
tbl_evolucoes,EVOLUCAO_ENFERMAGEM,text,YES
tbl_farm_movimentacoes,TIPO,character varying,YES
tbl_farm_movimentacoes,UNIDADE,character varying,YES
tbl_farm_movimentacoes,ATENDIMENTO,numeric,YES
tbl_farm_movimentacoes,NM_PESSOA_FISICA,character varying,YES
tbl_farm_movimentacoes,CD_PESSOA_FISICA,numeric,YES
tbl_farm_movimentacoes,IE_SEXO,character varying,YES
tbl_farm_movimentacoes,DT_NASCIMENTO,date,YES
tbl_farm_movimentacoes,CD_MATERIAL,integer,YES
tbl_farm_movimentacoes,DS_MATERIAL,text,YES
tbl_farm_movimentacoes,COMPETENCIA,character varying,YES
tbl_farm_movimentacoes,DATA,date,YES
tbl_farm_movimentacoes,QTD_PRODUTO,integer,YES
tbl_farm_movimentacoes,QTD_ATENDIDO,integer,YES
tbl_farm_movimentacoes,VL_TOTAL,numeric,YES
tbl_farm_movimentacoes,VL_CUSTO,numeric,YES
tbl_farm_movimentacoes,DS_DOENCA_CID,text,YES
tbl_farm_movimentacoes,DT_EXTRACAO,timestamp without time zone,NO
tbl_farm_vencimentos,UNIDADE,character varying,YES
tbl_farm_vencimentos,TIPO,character varying,YES
tbl_farm_vencimentos,CD_MATERIAL,integer,YES
tbl_farm_vencimentos,DS_MATERIAL,text,YES
tbl_farm_vencimentos,MES_REFERENCIA,character varying,YES
tbl_farm_vencimentos,DS_LOCAL_ESTOQUE,text,YES
tbl_farm_vencimentos,DS_LOTE_FORNEC,text,YES
tbl_farm_vencimentos,DT_VALIDADE,date,YES
tbl_farm_vencimentos,VL_CUSTO,numeric,YES
tbl_farm_vencimentos,QT_ESTOQUE,numeric,YES
tbl_farm_vencimentos,DT_EXTRACAO,timestamp without time zone,NO
tbl_img_exames_status,NR_ACESSO_DICOM,character varying,YES
tbl_img_exames_status,UNIDADE,character varying,YES
tbl_img_exames_status,DT_ENTRADA,timestamp without time zone,YES
tbl_img_exames_status,NR_PRESCRICAO,numeric,YES
tbl_img_exames_status,NR_ATENDIMENTO,numeric,YES
tbl_img_exames_status,NM_PESSOA_FISICA,character varying,YES
tbl_img_exames_status,DS_PROC_EXAME,character varying,YES
tbl_img_exames_status,PRESCRITO,timestamp without time zone,YES
tbl_img_exames_status,PREPARO,timestamp without time zone,YES
tbl_img_exames_status,DT_EM_EXAME,timestamp without time zone,YES
tbl_img_exames_status,USU_EM_EXAME,character varying,YES
tbl_img_exames_status,DT_IMAGEM,timestamp without time zone,YES
tbl_img_exames_status,USU_IMG,character varying,YES
tbl_img_exames_status,DT_ENTREGUE,timestamp without time zone,YES
tbl_img_exames_status,DT_LAUDO,timestamp without time zone,YES
tbl_img_exames_status,USU_LAUD,character varying,YES
tbl_img_exames_status,DT_CARGA,timestamp with time zone,NO
tbl_img_exames_status,IE_TIPO_ATENDIMENTO,numeric,YES
tbl_intern_conversoes,CD_PESSOA_FISICA,numeric,YES
tbl_intern_conversoes,NR_ATENDIMENTO_URG,numeric,YES
tbl_intern_conversoes,CD_ESTAB_URG,numeric,YES
tbl_intern_conversoes,DT_LIB_MEDICO,timestamp without time zone,YES
tbl_intern_conversoes,DT_ALTA,timestamp without time zone,YES
tbl_intern_conversoes,DS_MOTIVO_ALTA,text,YES
tbl_intern_conversoes,IE_DESFECHO,character varying,YES
tbl_intern_conversoes,TIPO_DESFECHO,text,YES
tbl_intern_conversoes,NR_ATENDIMENTO_INT,numeric,YES
tbl_intern_conversoes,CD_ESTAB_INT,numeric,YES
tbl_intern_conversoes,DT_ENTRADA,timestamp without time zone,YES
tbl_intern_conversoes,NR_ATEND_ALTA,numeric,YES
tbl_intern_internacoes,UNIDADE,character varying,YES
tbl_intern_internacoes,CD_ESTABELECIMENTO,numeric,YES
tbl_intern_internacoes,CD_PESSOA_FISICA,numeric,YES
tbl_intern_internacoes,NR_ATENDIMENTO,numeric,YES
tbl_intern_internacoes,PACIENTE,character varying,YES
tbl_intern_internacoes,IDADE,numeric,YES
tbl_intern_internacoes,SEXO,character varying,YES
tbl_intern_internacoes,CIDADE,character varying,YES
tbl_intern_internacoes,ESTADO,character varying,YES
tbl_intern_internacoes,LOCALIZACAO_PAC,character varying,YES
tbl_intern_internacoes,PROCEDENCIA,character varying,YES
tbl_intern_internacoes,CD_CID,character varying,YES
tbl_intern_internacoes,CID,text,YES
tbl_intern_internacoes,GRUPO_CID,text,YES
tbl_intern_internacoes,DATA,date,YES
tbl_intern_internacoes,DT_ENTRADA,timestamp without time zone,YES
tbl_intern_internacoes,MEDICO_RESPONSAVEL,character varying,YES
tbl_intern_internacoes,DS_SETOR_ATENDIMENTO,text,YES
tbl_intern_internacoes,DS_TIPO_ACOMODACAO,text,YES
tbl_intern_internacoes,CD_UNIDADE_BASICA,character varying,YES
tbl_intern_internacoes,CD_UNIDADE_COMPL,character varying,YES
tbl_intern_internacoes,PERFIL,character varying,YES
tbl_intern_internacoes,DT_ALTA_MEDICO,timestamp without time zone,YES
tbl_intern_internacoes,MOTIVO_ALTA_MEDICA,text,YES
tbl_intern_internacoes,MEDICO_ALTA,character varying,YES
tbl_intern_internacoes,DT_ALTA,timestamp without time zone,YES
tbl_intern_internacoes,DT_ALTA_REGISTRADA,timestamp without time zone,YES
tbl_intern_internacoes,MOTIVO_ALTA_HOSPITALAR,text,YES
tbl_intern_internacoes,ATEND_URGENCIA,numeric,YES
tbl_intern_internacoes,DT_ENTRADA_URGENCIA,timestamp without time zone,YES
tbl_intern_internacoes,CLASSIF_SETOR,character varying,YES
tbl_intern_leitos,CD_ESTABELECIMENTO,numeric,YES
tbl_intern_leitos,UNIDADE,character varying,YES
tbl_intern_leitos,CD_SETOR_ATENDIMENTO,numeric,YES
tbl_intern_leitos,DS_SETOR_ATENDIMENTO,text,YES
tbl_intern_leitos,TIPO,text,YES
tbl_intern_leitos,CD_UNIDADE_BASICA,character varying,YES
tbl_intern_leitos,CD_UNIDADE_COMPL,character varying,YES
tbl_intern_leitos,LEITO,character varying,YES
tbl_intern_leitos,STATUS,text,YES
tbl_intern_leitos,NM_CURTO,character varying,YES
tbl_intern_leitos,IE_OCUP_HOSPITALAR,character varying,YES
tbl_intern_leitos,IE_SITUACAO,character varying,YES
tbl_intern_leitos,DT_CRIACAO,timestamp without time zone,YES
tbl_intern_leitos,DT_ATUALIZACAO,timestamp without time zone,YES
tbl_intern_leitos,CD_LEITO,numeric,YES
tbl_intern_movimentacoes,CD_ESTABELECIMENTO,numeric,YES
tbl_intern_movimentacoes,UNIDADE,character varying,YES
tbl_intern_movimentacoes,NR_ATENDIMENTO,numeric,YES
tbl_intern_movimentacoes,NM_ABREVIADO,character varying,YES
tbl_intern_movimentacoes,TIPO,character varying,YES
tbl_intern_movimentacoes,DATA,timestamp without time zone,YES
tbl_intern_movimentacoes,DT_ENTRADA,timestamp without time zone,YES
tbl_intern_movimentacoes,DT_ALTA,timestamp without time zone,YES
tbl_intern_movimentacoes,HR_HISTORICO,timestamp without time zone,YES
tbl_intern_movimentacoes,DT_HISTORICO,timestamp without time zone,YES
tbl_intern_movimentacoes,HR_FIM_HISTORICO,timestamp without time zone,YES
tbl_intern_movimentacoes,DT_FIM_HISTORICO,timestamp without time zone,YES
tbl_intern_movimentacoes,CD_SETOR_ATENDIMENTO,numeric,YES
tbl_intern_movimentacoes,SETOR,character varying,YES
tbl_intern_movimentacoes,CD_TIPO_ACOMODACAO,numeric,YES
tbl_intern_movimentacoes,DT_CARGA,timestamp with time zone,NO
tbl_intern_movimentacoes,TP_ATENDIMENTO,character varying,YES
tbl_intern_movimentacoes,DS_CLASSIFICACAO,character varying,YES
tbl_intern_movimentacoes,CD_UNIDADE_ATENDIMENTO,character varying,YES
tbl_intern_movimentacoes,CD_UNIDADE_BASICA,character varying,YES
tbl_intern_movimentacoes,CD_UNIDADE_COMPL,character varying,YES
tbl_intern_movimentacoes,LEITO,character varying,YES
tbl_intern_movimentacoes,CLASSIFICACAO,character varying,YES
tbl_intern_movimentacoes,CD_LEITO,numeric,YES
tbl_intern_movimentacoes_leitos,CD_ESTABELECIMENTO,numeric,YES
tbl_intern_movimentacoes_leitos,UNIDADE,character varying,YES
tbl_intern_movimentacoes_leitos,NR_SEQUENCIA,numeric,YES
tbl_intern_movimentacoes_leitos,CD_LEITO,numeric,YES
tbl_intern_movimentacoes_leitos,IE_SITUACAO,character varying,YES
tbl_intern_movimentacoes_leitos,CD_STATUS,character varying,YES
tbl_intern_movimentacoes_leitos,STATUS,character varying,YES
tbl_intern_movimentacoes_leitos,DT_CRIACAO,timestamp without time zone,YES
tbl_intern_movimentacoes_leitos,DT_HISTORICO,timestamp without time zone,YES
tbl_intern_movimentacoes_leitos,DT_FIM_HISTORICO,timestamp without time zone,YES
tbl_intern_movimentacoes_leitos,DT_ATUALIZACAO,timestamp without time zone,YES
tbl_intern_movimentacoes_leitos,DT_CARGA,timestamp with time zone,NO
tbl_ocupacao_internacao,DATA,timestamp without time zone,YES
tbl_ocupacao_internacao,CD_ESTABELECIMENTO,numeric,YES
tbl_ocupacao_internacao,CD_SETOR_ATENDIMENTO,numeric,YES
tbl_ocupacao_internacao,DS_SETOR_ATENDIMENTO,character varying,YES
tbl_ocupacao_internacao,DS_TIPO_ACOMODACAO,character varying,YES
tbl_ocupacao_internacao,CD_UNIDADE_BASICA,character varying,YES
tbl_ocupacao_internacao,CD_UNIDADE_COMPL,character varying,YES
tbl_ocupacao_internacao,LEITO,character varying,YES
tbl_ocupacao_internacao,STATUS,character varying,YES
tbl_ocupacao_internacao,TP_ACOMOD,numeric,YES
tbl_ocupacao_internacao,DT_ALTA_MEDICO,timestamp without time zone,YES
tbl_ocupacao_internacao,DT_SOLICITACAO,timestamp without time zone,YES
tbl_ocupacao_internacao,NR_ATENDIMENTO,numeric,YES
tbl_ocupacao_internacao,CATEGORIA,character varying,YES
tbl_ocupacao_internacao,CLASSIFICACAO,character varying,YES
tbl_ocupacao_internacao,IE_CLASSIF_P312,numeric,YES
tbl_ocupacao_internacao,DT_ENTRADA,timestamp without time zone,YES
tbl_ocupacao_internacao,LEITOS_BLOQUEADOS,character varying,YES
tbl_ocupacao_internacao,IE_OCUP_HOSPITALAR,character varying,YES
tbl_ocupacao_internacao,IE_SITUACAO,character varying,YES
tbl_ocupacao_internacao,DT_CRIACAO,timestamp without time zone,YES
tbl_ocupacao_internacao,DT_ATUALIZACAO,timestamp without time zone,YES
tbl_ocupacao_internacao,CD_UNIDADE_ATENDIMENTO,character varying,YES
tbl_pendencias_sistema,CD_ESTABELECIMENTO,numeric,YES
tbl_pendencias_sistema,UNIDADE,character varying,YES
tbl_pendencias_sistema,NM_ABREVIADO,character varying,YES
tbl_pendencias_sistema,NR_ATENDIMENTO,numeric,YES
tbl_pendencias_sistema,TP_ATENDIMENTO,character varying,YES
tbl_pendencias_sistema,DT_ENTRADA,timestamp without time zone,YES
tbl_pendencias_sistema,DT_ALTA,timestamp without time zone,YES
tbl_pendencias_sistema,NM_USUARIO_ATEND,character varying,YES
tbl_pendencias_sistema,PACIENTE_TESTE,character varying,YES
tbl_pendencias_sistema,OBITO_SEM_DO,character varying,YES
tbl_pendencias_sistema,URGENCIA_SEM_ALTA,character varying,YES
tbl_pendencias_sistema,INTERNACAO_SEM_ALTA,character varying,YES
tbl_pendencias_sistema,ATEND_PARA_CANCELAR,character varying,YES
tbl_pendencias_sistema,ATEND_COM_TIPO_ERRADO,character varying,YES
tbl_pendencias_sistema,ATEND_SEM_CONVENIO,character varying,YES
tbl_pendencias_sistema,ATEND_SEM_UNID_SETOR,character varying,YES
tbl_pendencias_sistema,DT_CARGA,timestamp with time zone,NO
tbl_pendencias_sistema,INTERN_UNIDADE_ERRADA,character varying,YES
tbl_pendencias_sistema,ALTA_HOSPITAR_SEM_OBITO,character varying,YES
tbl_tempos_entrada_consulta_saida,UNIDADE,character varying,YES
tbl_tempos_entrada_consulta_saida,CD_ESTABELECIMENTO,numeric,YES
tbl_tempos_entrada_consulta_saida,CD_PESSOA_FISICA,character varying,YES
tbl_tempos_entrada_consulta_saida,NR_ATENDIMENTO,numeric,YES
tbl_tempos_entrada_consulta_saida,PACIENTE,character varying,YES
tbl_tempos_entrada_consulta_saida,IDADE,character varying,YES
tbl_tempos_entrada_consulta_saida,SEXO,character varying,YES
tbl_tempos_entrada_consulta_saida,CIDADE,character varying,YES
tbl_tempos_entrada_consulta_saida,ESTADO,character varying,YES
tbl_tempos_entrada_consulta_saida,LOCALIZACAO_PAC,character varying,YES
tbl_tempos_entrada_consulta_saida,CD_CID,character varying,YES
tbl_tempos_entrada_consulta_saida,CID,character varying,YES
tbl_tempos_entrada_consulta_saida,GRUPO_CID,character varying,YES
tbl_tempos_entrada_consulta_saida,COR,character varying,YES
tbl_tempos_entrada_consulta_saida,PRIORIDADE,character varying,YES
tbl_tempos_entrada_consulta_saida,DISCRIMINADOR,character varying,YES
tbl_tempos_entrada_consulta_saida,DATA,timestamp without time zone,YES
tbl_tempos_entrada_consulta_saida,DT_ENTRADA,timestamp without time zone,YES
tbl_tempos_entrada_consulta_saida,DT_TRIAGEM,timestamp without time zone,YES
tbl_tempos_entrada_consulta_saida,DT_FIM_TRIAGEM,timestamp without time zone,YES
tbl_tempos_entrada_consulta_saida,DT_ATEND_MEDICO,timestamp without time zone,YES
tbl_tempos_entrada_consulta_saida,MEDICO_ATENDIMENTO,character varying,YES
tbl_tempos_entrada_consulta_saida,DESFECHO,character varying,YES
tbl_tempos_entrada_consulta_saida,DT_DESFECHO,timestamp without time zone,YES
tbl_tempos_entrada_consulta_saida,MEDICO_DESFECHO,character varying,YES
tbl_tempos_entrada_consulta_saida,DT_ALTA_MEDICO,timestamp without time zone,YES
tbl_tempos_entrada_consulta_saida,MEDICO_ALTA,character varying,YES
tbl_tempos_entrada_consulta_saida,ALTA_MEDICA,character varying,YES
tbl_tempos_entrada_consulta_saida,DT_ALTA,timestamp without time zone,YES
tbl_tempos_entrada_consulta_saida,ALTA_HOSPITALAR,character varying,YES
tbl_tempos_entrada_consulta_saida,MIN_ENTRADA_X_TRIAGEM,numeric,YES
tbl_tempos_entrada_consulta_saida,MIN_ENTRADA_X_CONSULTA,numeric,YES
tbl_tempos_entrada_consulta_saida,MIN_ENTRADA_X_ALTA,numeric,YES
tbl_tempos_entrada_consulta_saida,DESTINO,character varying,YES
tbl_tempos_entrada_consulta_saida,DT_INTERNACAO,timestamp without time zone,YES
tbl_tempos_entrada_consulta_saida,CID_INTERNADO,character varying,YES
tbl_tempos_entrada_consulta_saida,NR_ATENDIMENTO_INT,numeric,YES
tbl_tempos_entrada_consulta_saida,DT_INICIO_ATENDIMENTO,timestamp without time zone,YES
tbl_tempos_entrada_consulta_saida,NR_SEQ_PA_STATUS,integer,YES
tbl_tempos_entrada_consulta_saida,DT_AUDITORIA,timestamp without time zone,YES
tbl_tempos_entrada_consulta_saida,MEDICO_AUDITORIA,character varying,YES
tbl_tempos_entrada_consulta_saida,INTERN_CONFORME_AUDIT,character varying,YES
tbl_tempos_entrada_consulta_saida,REALIZ_DEVOLUTIVA_AUDIT,character varying,YES
tbl_tempos_entrada_consulta_saida,USU_TRIAGEM,character varying,YES
tbl_tempos_entrada_consulta_saida,DT_EVOLUCAO,timestamp without time zone,YES
tbl_tempos_entrada_consulta_saida,TURNO_ATENDIMENTO,character varying,YES
tbl_tempos_entrada_consulta_saida,TURNO_DESFECHO,character varying,YES
tbl_tempos_laboratorio,UNIDADE,character varying,YES
tbl_tempos_laboratorio,CD_ESTABELECIMENTO,numeric,YES
tbl_tempos_laboratorio,NR_ATENDIMENTO,numeric,YES
tbl_tempos_laboratorio,PACIENTE,character varying,YES
tbl_tempos_laboratorio,MEDICO,character varying,YES
tbl_tempos_laboratorio,DS_PROC_EXAME,character varying,YES
tbl_tempos_laboratorio,DATA,timestamp without time zone,YES
tbl_tempos_laboratorio,DT_SOLICITACAO,timestamp without time zone,YES
tbl_tempos_laboratorio,DT_EXAME,timestamp without time zone,YES
tbl_tempos_laboratorio,DT_ENTRADA,timestamp without time zone,YES
tbl_tempos_medicacao,UNIDADE,character varying,YES
tbl_tempos_medicacao,CD_ESTABELECIMENTO,numeric,YES
tbl_tempos_medicacao,NR_ATENDIMENTO,numeric,YES
tbl_tempos_medicacao,PACIENTE,character varying,YES
tbl_tempos_medicacao,DATA,timestamp without time zone,YES
tbl_tempos_medicacao,MEDICO,character varying,YES
tbl_tempos_medicacao,DT_PRESCRICAO,timestamp without time zone,YES
tbl_tempos_medicacao,DT_ADMINISTRACAO,timestamp without time zone,YES
tbl_tempos_medicacao,MINUTOS,numeric,YES
tbl_tempos_medicacao,HORAS,numeric,YES
tbl_tempos_medicacao,DT_DISPENSACAO,timestamp without time zone,YES
tbl_tempos_medicacao,USUARIO_ADMINISTRACAO,character varying,YES
tbl_tempos_medicacao,MIN_SOLIC_X_DISPENSACAO,numeric,YES
tbl_tempos_medicacao,MIN_DISP_X_CHECAGEM,numeric,YES
tbl_tempos_medicacao,INTERVALO,character varying,YES
tbl_tempos_medicacao,GERA_LOTE,character varying,YES
tbl_tempos_medicacao_total,UNIDADE,character varying,YES
tbl_tempos_medicacao_total,CD_ESTABELECIMENTO,numeric,YES
tbl_tempos_medicacao_total,NR_ATENDIMENTO,numeric,YES
tbl_tempos_medicacao_total,PACIENTE,character varying,YES
tbl_tempos_medicacao_total,DATA,timestamp without time zone,YES
tbl_tempos_medicacao_total,MEDICO,character varying,YES
tbl_tempos_medicacao_total,DT_PRESCRICAO,timestamp without time zone,YES
tbl_tempos_medicacao_total,DT_ADMINISTRACAO,timestamp without time zone,YES
tbl_tempos_medicacao_total,MINUTOS,numeric,YES
tbl_tempos_medicacao_total,HORAS,numeric,YES
tbl_tempos_medicacao_total,DT_DISPENSACAO,timestamp without time zone,YES
tbl_tempos_medicacao_total,USUARIO_ADMINISTRACAO,character varying,YES
tbl_tempos_medicacao_total,MIN_SOLIC_X_DISPENSACAO,numeric,YES
tbl_tempos_medicacao_total,MIN_DISP_X_CHECAGEM,numeric,YES
tbl_tempos_medicacao_total,INTERVALO,character varying,YES
tbl_tempos_procedimento,UNIDADE,character varying,YES
tbl_tempos_procedimento,CD_ESTABELECIMENTO,numeric,YES
tbl_tempos_procedimento,NR_ATENDIMENTO,numeric,YES
tbl_tempos_procedimento,PACIENTE,character varying,YES
tbl_tempos_procedimento,MEDICO,character varying,YES
tbl_tempos_procedimento,USUARIO_ADMINISTRACAO,character varying,YES
tbl_tempos_procedimento,DATA,timestamp without time zone,YES
tbl_tempos_procedimento,DT_LIBERACAO,timestamp without time zone,YES
tbl_tempos_procedimento,DT_ADMINISTRACAO,timestamp without time zone,YES
tbl_tempos_procedimento,TEMPO_PROCEDIMENTO_MIN,numeric,YES
tbl_tempos_procedimento,DATA_ENTRADA,timestamp without time zone,YES
tbl_tempos_procedimentos,UNIDADE,character varying,YES
tbl_tempos_procedimentos,CD_ESTABELECIMENTO,numeric,YES
tbl_tempos_procedimentos,NR_ATENDIMENTO,numeric,YES
tbl_tempos_procedimentos,PACIENTE,character varying,YES
tbl_tempos_procedimentos,MEDICO,character varying,YES
tbl_tempos_procedimentos,DATA,timestamp without time zone,YES
tbl_tempos_procedimentos,PROCEDIMENTO,character varying,YES
tbl_tempos_procedimentos,DT_SOLICITACAO,timestamp without time zone,YES
tbl_tempos_procedimentos,DT_EXAME,timestamp without time zone,YES
tbl_tempos_procedimentos,MINUTOS,numeric,YES
tbl_tempos_procedimentos,HORAS,numeric,YES
tbl_tempos_procedimentos,NR_PRESCRICAO,numeric,YES
tbl_tempos_procedimentos,STATUS,character varying,YES
tbl_tempos_procedimentos,CLASSIFICACAO,character varying,YES
tbl_tempos_procedimentos,DT_REALIZADO,timestamp without time zone,YES
tbl_tempos_reavaliacao,UNIDADE,character varying,YES
tbl_tempos_reavaliacao,CD_ESTABELECIMENTO,numeric,YES
tbl_tempos_reavaliacao,NR_ATENDIMENTO,numeric,YES
tbl_tempos_reavaliacao,PACIENTE,character varying,YES
tbl_tempos_reavaliacao,DATA,timestamp without time zone,YES
tbl_tempos_reavaliacao,DT_SOLIC_REAVALIACAO,timestamp without time zone,YES
tbl_tempos_reavaliacao,DT_FIM_REAVALIACAO,timestamp without time zone,YES
tbl_tempos_reavaliacao,MINUTOS,numeric,YES
tbl_tempos_reavaliacao,HORAS,numeric,YES
tbl_tempos_reavaliacao,MEDICO,character varying,YES
tbl_tempos_reavaliacao,MEDICO_ALTA_MEDICA,character varying,YES
tbl_tempos_reavaliacao,PESSOA_REAVALIACAO,character varying,YES
tbl_tempos_reavaliacao,DT_EVO_PRESC,timestamp without time zone,YES
tbl_tempos_reavaliacao,MEDICO_EVO_PRESC,character varying,YES
tbl_tempos_reavaliacao,USU_SOLIC_REAVALIACAO,character varying,YES
tbl_tempos_rx_e_ecg,UNIDADE,character varying,YES
tbl_tempos_rx_e_ecg,CD_ESTABELECIMENTO,numeric,YES
tbl_tempos_rx_e_ecg,NR_ATENDIMENTO,numeric,YES
tbl_tempos_rx_e_ecg,PACIENTE,character varying,YES
tbl_tempos_rx_e_ecg,MEDICO,character varying,YES
tbl_tempos_rx_e_ecg,TIPO,character varying,YES
tbl_tempos_rx_e_ecg,DATA,timestamp without time zone,YES
tbl_tempos_rx_e_ecg,EXAME,character varying,YES
tbl_tempos_rx_e_ecg,DT_SOLICITACAO,timestamp without time zone,YES
tbl_tempos_rx_e_ecg,DT_EXAME,timestamp without time zone,YES
tbl_tempos_rx_e_ecg,MINUTOS,numeric,YES
tbl_tempos_rx_e_ecg,HORAS,numeric,YES
tbl_tempos_rx_e_ecg,NR_PRESCRICAO,numeric,YES
tbl_tempos_rx_e_ecg,STATUS,character varying,YES
tbl_tempos_rx_e_ecg,DT_CHECAGEM,timestamp without time zone,YES
tbl_tempos_rx_e_ecg_total,UNIDADE,character varying,YES
tbl_tempos_rx_e_ecg_total,CD_ESTABELECIMENTO,numeric,YES
tbl_tempos_rx_e_ecg_total,NR_ATENDIMENTO,numeric,YES
tbl_tempos_rx_e_ecg_total,PACIENTE,character varying,YES
tbl_tempos_rx_e_ecg_total,MEDICO,character varying,YES
tbl_tempos_rx_e_ecg_total,TIPO,character varying,YES
tbl_tempos_rx_e_ecg_total,DATA,timestamp without time zone,YES
tbl_tempos_rx_e_ecg_total,EXAME,character varying,YES
tbl_tempos_rx_e_ecg_total,DT_SOLICITACAO,timestamp without time zone,YES
tbl_tempos_rx_e_ecg_total,DT_EXAME,timestamp without time zone,YES
tbl_tempos_rx_e_ecg_total,MINUTOS,numeric,YES
tbl_tempos_rx_e_ecg_total,HORAS,numeric,YES
tbl_tempos_rx_e_ecg_total,NR_PRESCRICAO,numeric,YES
tbl_tempos_rx_e_ecg_total,STATUS,character varying,YES
tbl_tempos_rx_e_ecg_total,DT_SUSPENSAO,timestamp without time zone,YES
tbl_tempos_rx_e_ecg_total,DT_CHECAGEM,timestamp without time zone,YES
tbl_tempos_tc_e_us,UNIDADE,character varying,YES
tbl_tempos_tc_e_us,CD_ESTABELECIMENTO,numeric,YES
tbl_tempos_tc_e_us,NR_ATENDIMENTO,numeric,YES
tbl_tempos_tc_e_us,PACIENTE,character varying,YES
tbl_tempos_tc_e_us,MEDICO,character varying,YES
tbl_tempos_tc_e_us,TIPO,character varying,YES
tbl_tempos_tc_e_us,EXAME,character varying,YES
tbl_tempos_tc_e_us,DATA,timestamp without time zone,YES
tbl_tempos_tc_e_us,DT_LIBERACAO,timestamp without time zone,YES
tbl_tempos_tc_e_us,DT_REALIZADO,timestamp without time zone,YES
tbl_tempos_tc_e_us,DT_LAUDO,timestamp without time zone,YES
tbl_tempos_tc_e_us,MES,character varying,YES
tbl_tempos_tc_e_us,TEMPO,numeric,YES
tbl_tempos_tc_e_us,MINUTOS,numeric,YES
tbl_tempos_tc_e_us,HORAS,numeric,YES
tbl_tempos_tc_e_us,NR_PRESCRICAO,numeric,YES
tbl_tempos_tc_e_us,STATUS,character varying,YES
tbl_tempos_tc_e_us,DT_CHECAGEM,timestamp without time zone,YES
tbl_tempos_tc_e_us,DT_EXAME,timestamp without time zone,YES
tbl_tempos_tc_e_us_total,UNIDADE,character varying,YES
tbl_tempos_tc_e_us_total,CD_ESTABELECIMENTO,numeric,YES
tbl_tempos_tc_e_us_total,NR_ATENDIMENTO,numeric,YES
tbl_tempos_tc_e_us_total,PACIENTE,character varying,YES
tbl_tempos_tc_e_us_total,MEDICO,character varying,YES
tbl_tempos_tc_e_us_total,TIPO,character varying,YES
tbl_tempos_tc_e_us_total,EXAME,character varying,YES
tbl_tempos_tc_e_us_total,DATA,timestamp without time zone,YES
tbl_tempos_tc_e_us_total,DT_LIBERACAO,timestamp without time zone,YES
tbl_tempos_tc_e_us_total,DT_REALIZADO,timestamp without time zone,YES
tbl_tempos_tc_e_us_total,DT_LAUDO,timestamp without time zone,YES
tbl_tempos_tc_e_us_total,MES,character varying,YES
tbl_tempos_tc_e_us_total,TEMPO,numeric,YES
tbl_tempos_tc_e_us_total,MINUTOS,numeric,YES
tbl_tempos_tc_e_us_total,HORAS,numeric,YES
tbl_tempos_tc_e_us_total,NR_PRESCRICAO,numeric,YES
tbl_tempos_tc_e_us_total,STATUS,character varying,YES
tbl_tempos_tc_e_us_total,DT_SUSPENSAO,timestamp without time zone,YES
tbl_tempos_tc_e_us_total,DT_CHECAGEM,timestamp without time zone,YES
tbl_tempos_tc_e_us_total,DT_EXAME,timestamp without time zone,YES
tbl_unidades,id,smallint,NO
tbl_unidades,cnpj,character,NO
tbl_unidades,nome,text,NO
tbl_unidades,cep,character,NO
tbl_unidades,logradouro,text,NO
tbl_unidades,bairro,text,NO
tbl_unidades,cidade,text,NO
tbl_unidades,uf,character,NO
tbl_unidades,cd_estabelecimento,numeric,YES
tbl_unidades,ps,boolean,YES
tbl_unidades_teste,id,smallint,NO
tbl_unidades_teste,cnpj,character,NO
tbl_unidades_teste,nome,text,NO
tbl_unidades_teste,cep,character,NO
tbl_unidades_teste,logradouro,text,NO
tbl_unidades_teste,bairro,text,NO
tbl_unidades_teste,cidade,text,NO
tbl_unidades_teste,uf,character,NO
tbl_unidades_teste,cd_estabelecimento,numeric,YES
tbl_unidades_teste,ps,boolean,YES
tbl_vias_medicamentos,UNIDADE,character varying,YES
tbl_vias_medicamentos,CD_ESTABELECIMENTO,numeric,YES
tbl_vias_medicamentos,CD_PESSOA_FISICA,character varying,YES
tbl_vias_medicamentos,NR_ATENDIMENTO,numeric,YES
tbl_vias_medicamentos,PACIENTE,character varying,YES
tbl_vias_medicamentos,DATA,timestamp without time zone,YES
tbl_vias_medicamentos,CD_MEDICO,character varying,YES
tbl_vias_medicamentos,MEDICO,character varying,YES
tbl_vias_medicamentos,NR_PRESCRICAO,numeric,YES
tbl_vias_medicamentos,DT_LIBERACAO,timestamp without time zone,YES
tbl_vias_medicamentos,DT_FIM_HORARIO,timestamp without time zone,YES
tbl_vias_medicamentos,NR_SEQ_MAT_CPOE,numeric,YES
tbl_vias_medicamentos,CD_MATERIAL,numeric,YES
tbl_vias_medicamentos,DS_MATERIAL,character varying,YES
tbl_vias_medicamentos,CD_INTERVALO,character varying,YES
tbl_vias_medicamentos,DS_HORARIOS,character varying,YES
tbl_vias_medicamentos,IE_VIA_APLICACAO,character varying,YES
tbl_vias_medicamentos,TEMPO_INFUSAO,character varying,YES
tbl_vias_medicamentos,CD_COMPONENTE,text,YES
tbl_vias_medicamentos,COMPONENTE,text,YES
tbl_vias_medicamentos,IE_APLIC_BOLUS,character varying,YES
tbl_vias_medicamentos,IE_APLIC_LENTA,character varying,YES
tbl_vias_medicamentos,VELOCIDADE,character varying,YES
vw_alertas_pacientes_ao_vivo,tipo,text,YES
vw_alertas_pacientes_ao_vivo,CD_ESTABELECIMENTO,numeric,YES
vw_alertas_pacientes_ao_vivo,UNIDADE,character varying,YES
vw_alertas_pacientes_ao_vivo,NR_ATENDIMENTO,numeric,YES
vw_alertas_pacientes_ao_vivo,PACIENTE,character varying,YES
vw_alertas_pacientes_ao_vivo,MEDICO,text,YES
vw_alertas_pacientes_ao_vivo,USUARIO_ADMINISTRACAO,text,YES
vw_alertas_pacientes_ao_vivo,DATA_EVENTO,timestamp without time zone,YES
vw_alertas_pacientes_ao_vivo,MINUTOS,numeric,YES
vw_alertas_pacientes_ao_vivo,META_MIN,numeric,YES
vw_alertas_pacientes_ao_vivo,flag,boolean,YES
vw_alertas_pacientes_ao_vivo,ATENCAO,boolean,YES
vw_alertas_pacientes_finalizados,tipo,text,YES
vw_alertas_pacientes_finalizados,DT_REFERENCIA,date,YES
vw_alertas_pacientes_finalizados,CD_ESTABELECIMENTO,numeric,YES
vw_alertas_pacientes_finalizados,UNIDADE,character varying,YES
vw_alertas_pacientes_finalizados,NR_ATENDIMENTO,numeric,YES
vw_alertas_pacientes_finalizados,PACIENTE,character varying,YES
vw_alertas_pacientes_finalizados,MEDICO,text,YES
vw_alertas_pacientes_finalizados,USUARIO_ADMINISTRACAO,text,YES
vw_alertas_pacientes_finalizados,DATA_EVENTO,timestamp without time zone,YES
vw_alertas_pacientes_finalizados,MINUTOS,numeric,YES
vw_alertas_pacientes_finalizados,META_MIN,numeric,YES
vw_alertas_pacientes_finalizados,flag,boolean,YES
vw_alertas_pacientes_finalizados,ATENCAO,boolean,YES
vw_alertas_pacientes_supervisao_ao_vivo,tipo,text,YES
vw_alertas_pacientes_supervisao_ao_vivo,CD_ESTABELECIMENTO,numeric,YES
vw_alertas_pacientes_supervisao_ao_vivo,UNIDADE,character varying,YES
vw_alertas_pacientes_supervisao_ao_vivo,NR_ATENDIMENTO,numeric,YES
vw_alertas_pacientes_supervisao_ao_vivo,PACIENTE,character varying,YES
vw_alertas_pacientes_supervisao_ao_vivo,MEDICO,text,YES
vw_alertas_pacientes_supervisao_ao_vivo,USUARIO_ADMINISTRACAO,text,YES
vw_alertas_pacientes_supervisao_ao_vivo,DATA_EVENTO,timestamp without time zone,YES
vw_alertas_pacientes_supervisao_ao_vivo,MINUTOS,numeric,YES
vw_alertas_pacientes_supervisao_ao_vivo,META_MIN,numeric,YES
vw_alertas_pacientes_supervisao_ao_vivo,flag,boolean,YES
vw_alertas_resumo,tipo,text,YES
vw_alertas_resumo,CD_ESTABELECIMENTO,numeric,YES
vw_alertas_resumo,UNIDADE,character varying,YES
vw_alertas_resumo,NR_ATENDIMENTO,numeric,YES
vw_alertas_resumo,PACIENTE,character varying,YES
vw_alertas_resumo,MEDICO,text,YES
vw_alertas_resumo,USUARIO_ADMINISTRACAO,text,YES
vw_alertas_resumo,DATA_EVENTO,timestamp without time zone,YES
vw_alertas_resumo,MINUTOS,numeric,YES
vw_alertas_resumo,META_MIN,numeric,YES
vw_alertas_resumo,flag,boolean,YES
vw_alertas_resumo,ATENCAO,boolean,YES
vw_pa_agora,dados,text,YES
vw_painel_ps_base,CD_ESTABELECIMENTO,integer,YES
vw_painel_ps_base,cd_estabelecimento,integer,YES
vw_painel_ps_base,unidade,text,YES
vw_painel_ps_base,ativos,integer,YES
vw_painel_ps_base,hoje,integer,YES
vw_painel_ps_base,triagem_total,integer,YES
vw_painel_ps_base,consulta_total,integer,YES
vw_painel_ps_base,farmacia_total,integer,YES
vw_painel_ps_base,medicacao_total,integer,YES
vw_painel_ps_base,procedimento_total,integer,YES
vw_painel_ps_base,reavaliacao_total,integer,YES
vw_painel_ps_base,rx_total,integer,YES
vw_painel_ps_base,ecg_total,integer,YES
vw_painel_ps_base,tc_ex_total,integer,YES
vw_painel_ps_base,tc_lau_total,integer,YES
vw_painel_ps_base,us_ex_total,integer,YES
vw_painel_ps_base,us_lau_total,integer,YES
vw_painel_ps_base,tc_us_ex_total,integer,YES
vw_painel_ps_base,tc_us_lau_total,integer,YES
vw_painel_ps_base,internacao_total,integer,YES
vw_painel_ps_base,transferencia_total,integer,YES
vw_painel_ps_base,acomodacao_total,integer,YES
vw_painel_ps_base,observacao_total,integer,YES
vw_painel_ps_base,triagem_acima_meta,integer,YES
vw_painel_ps_base,consulta_acima_meta,bigint,YES
vw_painel_ps_base,permanencia_acima_meta,bigint,YES
vw_painel_ps_base,rx_acima_meta,integer,YES
vw_painel_ps_base,ecg_acima_meta,integer,YES
vw_painel_ps_base,rx_ecg_acima_meta,integer,YES
vw_painel_ps_base,tc_acima_meta,integer,YES
vw_painel_ps_base,tc_pendente,integer,YES
vw_painel_ps_base,tc_laudo_acima_meta,integer,YES
vw_painel_ps_base,tc_laudo_pendente,integer,YES
vw_painel_ps_base,us_acima_meta,integer,YES
vw_painel_ps_base,us_pendente,integer,YES
vw_painel_ps_base,us_laudo_acima_meta,integer,YES
vw_painel_ps_base,us_laudo_pendente,integer,YES
vw_painel_ps_base,tc_us_acima_meta,bigint,YES
vw_painel_ps_base,tc_us_pendente,integer,YES
vw_painel_ps_base,tc_us_laudo_acima_meta,bigint,YES
vw_painel_ps_base,tc_us_laudo_pendente,integer,YES
vw_painel_ps_base,reavaliacao_acima_meta,bigint,YES
vw_painel_ps_base,medicacao_acima_meta,bigint,YES
vw_painel_ps_base,procedimento_acima_meta,bigint,YES
vw_painel_ps_base,farmacia_acima_meta,bigint,YES
vw_painel_ps_base,triagem_maior_tempo_acima_meta,numeric,YES
vw_painel_ps_base,consulta_maior_tempo_acima_meta,integer,YES
vw_painel_ps_base,permanencia_maior_tempo_acima_meta,integer,YES
vw_painel_ps_base,rx_maior_tempo_acima_meta,numeric,YES
vw_painel_ps_base,ecg_maior_tempo_acima_meta,numeric,YES
vw_painel_ps_base,rx_ecg_maior_tempo_acima_meta,numeric,YES
vw_painel_ps_base,tc_maior_tempo_acima_meta,numeric,YES
vw_painel_ps_base,tc_laudo_maior_tempo_acima_meta,numeric,YES
vw_painel_ps_base,us_maior_tempo_acima_meta,numeric,YES
vw_painel_ps_base,us_laudo_maior_tempo_acima_meta,numeric,YES
vw_painel_ps_base,tc_us_maior_tempo_acima_meta,numeric,YES
vw_painel_ps_base,tc_us_laudo_maior_tempo_acima_meta,numeric,YES
vw_painel_ps_base,reavaliacao_maior_tempo_acima_meta,integer,YES
vw_painel_ps_base,medicacao_maior_tempo_acima_meta,integer,YES
vw_painel_ps_base,procedimento_maior_tempo_acima_meta,integer,YES
vw_painel_ps_base,farmacia_maior_tempo_acima_meta,integer,YES
vw_painel_ps_base,aguardando_internacao,integer,YES
vw_painel_ps_base,internacao_qtd,integer,YES
vw_painel_ps_base,aguardando_acomodacao,integer,YES
vw_painel_ps_base,acomodacao_qtd,integer,YES
vw_painel_ps_base,aguardando_transferencia,integer,YES
vw_painel_ps_base,transferencia_qtd,integer,YES
vw_painel_ps_base,triagem_em_atencao,integer,YES
vw_painel_ps_base,consulta_em_atencao,bigint,YES
vw_painel_ps_base,permanencia_em_atencao,bigint,YES
vw_painel_ps_base,rx_em_atencao,integer,YES
vw_painel_ps_base,ecg_em_atencao,integer,YES
vw_painel_ps_base,rx_ecg_em_atencao,integer,YES
vw_painel_ps_base,tc_us_em_atencao,bigint,YES
vw_painel_ps_base,tc_us_laudo_em_atencao,bigint,YES
vw_painel_ps_base,reavaliacao_em_atencao,bigint,YES
vw_painel_ps_base,medicacao_em_atencao,bigint,YES
vw_painel_ps_base,procedimento_em_atencao,bigint,YES
vw_painel_ps_base,farmacia_em_atencao,bigint,YES
vw_painel_ps_base,aguardando_internacao_em_atencao,bigint,YES
vw_painel_ps_base,aguardando_acomodacao_em_atencao,bigint,YES
vw_painel_ps_base,aguardando_transferencia_em_atencao,bigint,YES
vw_painel_ps_base,triagem_ok,integer,YES
vw_painel_ps_base,consulta_ok,bigint,YES
vw_painel_ps_base,permanencia_ok,bigint,YES
vw_painel_ps_base,rx_ok,integer,YES
vw_painel_ps_base,ecg_ok,integer,YES
vw_painel_ps_base,rx_ecg_ok,integer,YES
vw_painel_ps_base,tc_ok,integer,YES
vw_painel_ps_base,tc_laudo_ok,integer,YES
vw_painel_ps_base,us_ok,integer,YES
vw_painel_ps_base,us_laudo_ok,integer,YES
vw_painel_ps_base,tc_us_ok,integer,YES
vw_painel_ps_base,tc_us_laudo_ok,integer,YES
vw_painel_ps_base,reavaliacao_ok,bigint,YES
vw_painel_ps_base,medicacao_ok,bigint,YES
vw_painel_ps_base,procedimento_ok,bigint,YES
vw_painel_ps_base,farmacia_ok,bigint,YES
vw_painel_ps_base,maior_tempo_permanencia_fmt,text,YES
vw_painel_ps_base,maior_tempo_ps_min,integer,YES
vw_painel_ps_base,maior_tempo_permanencia_min,integer,YES
vw_painel_ps_base,ocupacao_internacao_pct,numeric,YES
vw_painel_ps_base,ocupacao_uti_pct,numeric,YES
vw_painel_ps_base,ocupacao_upc_pct,numeric,YES
vw_painel_ps_base,ocupacao_enf_pct,numeric,YES
vw_painel_ps_base,ocupacao_apt_pct,numeric,YES
vw_painel_ps_base,ocupacao_apt_blk_pct,numeric,YES
vw_painel_ps_base,ocupacao_box_pct,numeric,YES
vw_relatorio_direcao,html_layout,text,YES
vw_relatorio_direcao_teste,html_layout,text,YES
vw_relatorio_supervisao,html_layout,text,YES
vw_relatorio_supervisao_vix,html_layout,text,YES
vw_taxa_ocupacao,DS_SETOR_ATENDIMENTO,text,YES
vw_taxa_ocupacao,DS_TIPO_ACOMODACAO,character varying,YES
vw_taxa_ocupacao,PAC_DIA,bigint,YES
vw_taxa_ocupacao,LEITO_DIA,bigint,YES
vw_taxa_ocupacao,TAXA,numeric,YES
vw_taxa_ocupacao,QTD_ALTA,integer,YES
vw_taxa_ocupacao,QTD_SOLIC,integer,YES
vw_taxa_ocupacao,CATEGORIA,text,YES
vw_taxa_ocupacao,LEITO_DIA_EXTRA,bigint,YES
vw_taxa_ocupacao,CD_ESTABELECIMENTO,numeric,YES
vw_taxa_ocupacao_com_pacientes,DS_SETOR_ATENDIMENTO,text,YES
vw_taxa_ocupacao_com_pacientes,DS_TIPO_ACOMODACAO,character varying,YES
vw_taxa_ocupacao_com_pacientes,PAC_DIA,bigint,YES
vw_taxa_ocupacao_com_pacientes,LEITO_DIA,bigint,YES
vw_taxa_ocupacao_com_pacientes,TAXA,numeric,YES
vw_taxa_ocupacao_com_pacientes,QTD_ALTA,integer,YES
vw_taxa_ocupacao_com_pacientes,QTD_SOLIC,integer,YES
vw_taxa_ocupacao_com_pacientes,PACIENTES_ATENDIMENTOS,text,YES
vw_taxa_ocupacao_com_pacientes,CATEGORIA,text,YES
vw_taxa_ocupacao_com_pacientes,LEITO_DIA_EXTRA,bigint,YES
vw_taxa_ocupacao_com_pacientes,CD_ESTABELECIMENTO,numeric,YES
vw_taxa_ocupacao_com_pacientes,LEITOS_BLOQUEADOS,bigint,YES
vw_taxa_ocupacao_com_pacientes,LISTA_LEITOS_BLOQUEADOS,text,YES
vw_taxa_ocupacao_com_pacientes,RESERVADOS,bigint,YES
vw_taxa_ocupacao_com_pacientes,LISTA_LEITOS_RESERVADOS,text,YES
